{"stats":{"minecraft:mined":{"minecraft:grass":2,"minecraft:birch_leaves":2,"minecraft:oak_leaves":9},"minecraft:dropped":{"minecraft:wheat_seeds":1},"minecraft:killed":{"minecraft:sheep":1,"minecraft:skeleton":3,"minecraft:spider":2,"minecraft:zombie":1,"minecraft:pig":1,"minecraft:creeper":2},"minecraft:picked_up":{"minecraft:arrow":5,"minecraft:bone":1,"minecraft:rotten_flesh":1,"minecraft:wheat_seeds":1,"minecraft:porkchop":3,"minecraft:gunpowder":1,"minecraft:mutton":1,"minecraft:string":2,"minecraft:white_wool":1},"minecraft:custom":{"minecraft:time_since_rest":55424,"minecraft:crouch_one_cm":1528,"minecraft:play_time":55424,"minecraft:sprint_one_cm":27869,"minecraft:damage_taken":20,"minecraft:walk_one_cm":20208,"minecraft:sneak_time":331,"minecraft:walk_under_water_one_cm":596,"minecraft:mob_kills":10,"minecraft:drop":1,"minecraft:jump":244,"minecraft:damage_dealt":2049,"minecraft:leave_game":10,"minecraft:time_since_death":55424,"minecraft:walk_on_water_one_cm":112,"minecraft:total_world_time":55424,"minecraft:swim_one_cm":28,"minecraft:fly_one_cm":53797,"minecraft:fall_one_cm":4027},"minecraft:used":{"minecraft:netherite_sword":20,"minecraft:oak_log":1,"minecraft:sand":5,"minecraft:mutton":1,"minecraft:birch_log":3}},"DataVersion":3463}