{"stats":{"minecraft:used":{"minecraft:netherite_sword":20,"minecraft:oak_log":1,"minecraft:sand":5,"minecraft:mutton":1,"minecraft:birch_log":3},"minecraft:mined":{"minecraft:grass":2,"minecraft:birch_leaves":2,"minecraft:oak_leaves":9},"minecraft:dropped":{"minecraft:wheat_seeds":1},"minecraft:custom":{"minecraft:time_since_rest":54310,"minecraft:crouch_one_cm":1528,"minecraft:play_time":54310,"minecraft:sprint_one_cm":26664,"minecraft:damage_taken":20,"minecraft:walk_one_cm":18850,"minecraft:sneak_time":331,"minecraft:mob_kills":10,"minecraft:drop":1,"minecraft:jump":239,"minecraft:damage_dealt":2009,"minecraft:leave_game":9,"minecraft:walk_on_water_one_cm":72,"minecraft:time_since_death":54310,"minecraft:total_world_time":54310,"minecraft:fly_one_cm":49257,"minecraft:fall_one_cm":4027},"minecraft:picked_up":{"minecraft:arrow":5,"minecraft:bone":1,"minecraft:rotten_flesh":1,"minecraft:wheat_seeds":1,"minecraft:porkchop":3,"minecraft:gunpowder":1,"minecraft:mutton":1,"minecraft:string":2,"minecraft:white_wool":1},"minecraft:killed":{"minecraft:sheep":1,"minecraft:skeleton":3,"minecraft:spider":2,"minecraft:zombie":1,"minecraft:pig":1,"minecraft:creeper":2}},"DataVersion":3463}